City_ID,City,Lat,Lng,Max Temp,Humidity,Cloudiness,Wind Speed,Country,Date
0,wusong,30.95,117.7833,23.68,87,86,2.31,CN,1718023732
1,tsiombe,-25.3,45.4833,20.49,60,67,7.04,MG,1718023694
2,adamstown,-25.066,-130.1015,22.28,82,100,6.1,PN,1718023617
3,hermanus,-34.4187,19.2345,23.78,47,1,2.45,ZA,1718023615
4,acapulco de juarez,16.8634,-99.8901,26.9,78,40,4.12,MX,1718023732
5,namdrik,5.5994,168.1028,28.88,78,8,7.32,MH,1718023733
6,port lincoln,-34.7333,135.8667,16.69,63,100,5.27,AU,1718023733
7,ribeira grande,38.5167,-28.7,21.54,73,75,4.63,PT,1718023627
8,murghob,38.1702,73.9667,8.54,43,93,2.96,TJ,1718023733
9,bethel,41.3712,-73.414,18.03,74,20,2.57,US,1718023733
10,fale old settlement,-9.3852,-171.2468,28.54,77,31,8.12,TK,1718023677
11,revda,56.801,59.9303,21.05,45,75,4.82,RU,1718023733
12,grytviken,-54.2811,-36.5092,-5.97,76,35,3.49,GS,1718023622
13,touros,-5.1989,-35.4608,28.8,65,60,8.13,BR,1718023733
14,colonia,50.9333,6.95,15.79,79,75,3.6,DE,1718023680
15,blackmans bay,-43.0167,147.3167,6.07,86,100,4.43,AU,1718023615
16,albany,42.6001,-73.9662,16.43,76,54,0.89,US,1718023539
17,crane,31.3974,-102.3501,22.43,77,0,4.11,US,1718023695
18,guiuan,11.0333,125.7247,28.76,78,96,2.59,PH,1718023734
19,jining,35.405,116.5814,31.39,33,100,6.6,CN,1718023734
20,uturoa,-16.7333,-151.4333,25.58,78,79,6.63,PF,1718023734
21,saldanha,-33.0117,17.9442,27.03,42,100,8.87,ZA,1718023734
22,port-aux-francais,-49.35,70.2167,3.3,84,99,17.28,TF,1718023617
23,dunedin,-45.8742,170.5036,6.0,87,99,4.47,NZ,1718023576
24,ushuaia,-54.8,-68.3,-2.21,93,75,2.06,AR,1718023579
25,cova figueira,14.8905,-24.2934,18.83,75,0,6.76,CV,1718023734
26,kirensk,57.7853,108.1119,18.33,48,100,1.8,RU,1718023734
27,new norfolk,-42.7826,147.0587,6.72,77,100,1.39,AU,1718023734
28,puerto natales,-51.7236,-72.4875,0.25,100,100,1.54,CL,1718023317
29,galliano,29.4422,-90.2992,27.22,83,0,1.54,US,1718023626
30,punta arenas,-53.15,-70.9167,1.06,93,100,1.54,CL,1718023734
31,zeya,53.75,127.2667,13.16,67,100,2.53,RU,1718023734
32,crucecita,-28.95,-58.9833,21.91,70,0,4.25,AR,1718023734
33,margaret river,-33.95,115.0667,16.73,55,100,8.57,AU,1718023620
34,dori,14.0354,-0.0345,40.71,23,6,5.32,BF,1718023713
35,badger,64.8,-147.5333,17.95,63,40,0.0,US,1718023734
36,remire-montjoly,4.9167,-52.2667,30.02,79,75,1.54,GF,1718023734
37,tianchang,37.9981,114.0156,22.83,58,90,3.99,CN,1718023734
38,tarawa,1.419,172.984,29.05,84,40,2.57,KI,1718023734
39,waitangi,-43.9535,-176.5597,11.01,97,100,2.24,NZ,1718023734
40,ilulissat,69.2167,-51.1,1.01,80,75,4.12,GL,1718023626
41,iqaluit,63.7506,-68.5145,0.85,59,100,1.03,CA,1718023556
42,hassi messaoud,31.6804,6.0729,44.92,7,0,4.12,DZ,1718023735
43,gukovo,48.0531,39.9311,28.89,36,92,1.73,RU,1718023735
44,ust-nera,64.5667,143.2,9.4,42,80,0.74,RU,1718023735
45,sinop,41.7711,34.8709,24.24,47,1,3.8,TR,1718023676
46,dudinka,69.4058,86.1778,10.93,69,4,2.68,RU,1718023735
47,praia da vitoria,38.7333,-27.0667,21.14,73,75,3.53,PT,1718023735
48,lazaro cardenas,17.9583,-102.2,25.45,76,100,1.53,MX,1718023483
49,aral,40.5156,81.2636,32.4,15,26,4.93,CN,1718023735
50,edinburgh of the seven seas,-37.0676,-12.3116,12.85,64,98,9.8,SH,1718023615
51,pangody,65.85,74.4859,21.32,42,100,6.41,RU,1718023735
52,nar'yan-mar,67.6713,53.087,8.39,52,71,0.89,RU,1718023735
53,acarau,-2.8856,-40.12,28.37,65,78,6.42,BR,1718023527
54,bredasdorp,-34.5322,20.0403,21.08,47,0,2.74,ZA,1718023735
55,kudahuvadhoo,2.6708,72.8944,28.83,74,100,5.71,MV,1718023735
56,vilyuchinsk,52.9306,158.4028,14.15,82,57,2.96,RU,1718023735
57,gornozavodsk,58.3758,58.3211,20.3,47,91,3.67,RU,1718023735
58,susuman,62.7833,148.1667,6.64,59,18,1.88,RU,1718023735
59,west island,-12.1568,96.8225,25.99,94,75,7.2,CC,1718023735
60,arraial do cabo,-22.9661,-42.0278,24.92,73,0,2.57,BR,1718023469
61,fair oaks ranch,29.7458,-98.6434,24.85,100,100,2.06,US,1718023735
62,dolores,-36.3132,-57.6792,13.58,58,38,4.27,AR,1718023735
63,ljusdal,61.8288,16.0913,10.91,78,100,3.43,SE,1718023699
64,beaufort west,-32.3567,22.583,19.74,25,0,5.83,ZA,1718023736
65,keflavik,64.0049,-22.5624,12.95,50,0,4.63,IS,1718023649
66,anadyr,64.75,177.4833,7.28,87,100,0.0,RU,1718023736
67,mount gambier,-37.8333,140.7667,15.08,56,100,7.1,AU,1718023689
68,wailua homesteads,22.0669,-159.378,23.44,81,20,5.66,US,1718023736
69,kiunga,-6.1219,141.2906,23.54,99,92,1.76,PG,1718023625
70,whitehorse,60.7161,-135.0538,9.43,54,75,3.09,CA,1718023736
71,mubi,10.2676,13.2644,32.94,44,93,3.91,NG,1718023736
72,fisterra,42.9049,-9.2629,16.28,69,1,11.63,ES,1718023736
73,yellowknife,62.456,-114.3525,11.9,81,75,1.54,CA,1718023736
74,kidal,18.4411,1.4078,43.56,10,17,3.13,ML,1718023736
75,margate,51.3813,1.3862,14.27,69,100,5.36,GB,1718023736
76,afaahiti,-17.75,-149.2833,22.93,84,100,4.6,PF,1718023736
77,zhangye,38.9342,100.4517,26.46,18,100,5.0,CN,1718023736
78,minas de marcona,-15.2119,-75.1103,11.87,83,67,2.12,PE,1718023736
79,general acha,-37.377,-64.6043,12.38,48,8,2.24,AR,1718023736
80,jilin,43.0,126.0,17.34,73,0,2.18,CN,1718023736
81,trairi,-3.2778,-39.2689,27.75,68,5,5.43,BR,1718023574
82,hawaiian paradise park,19.5933,-154.9731,21.73,94,100,0.0,US,1718023736
83,mogocha,53.7333,119.7667,9.54,94,60,1.65,RU,1718023736
84,queenstown,-31.8976,26.8753,17.13,27,0,3.22,ZA,1718023629
85,georgetown,5.4112,100.3354,29.97,74,20,2.06,MY,1718023443
86,fort bragg,35.139,-79.006,22.33,82,100,2.06,US,1718023686
87,hecun,36.5333,114.1111,31.76,25,100,3.05,CN,1718023737
88,ouro preto do oeste,-10.7481,-62.2158,25.68,56,10,1.3,BR,1718023737
89,tazovsky,67.4667,78.7,14.06,52,100,5.4,RU,1718023737
90,atafu village,-8.5421,-172.5159,28.15,79,21,6.76,TK,1718023737
91,invercargill,-46.4,168.35,4.45,93,67,4.92,NZ,1718023737
92,longyearbyen,78.2186,15.6401,7.91,61,0,0.0,SJ,1718023737
93,stanley,54.868,-1.6985,12.5,63,40,6.17,GB,1718023648
94,kodiak,57.79,-152.4072,6.73,100,100,9.77,US,1718023641
95,puerto ayora,-0.7393,-90.3518,21.97,98,91,3.56,EC,1718023638
96,port douglas,-16.4833,145.4667,19.31,79,100,2.15,AU,1718023737
97,concepcion del uruguay,-32.4825,-58.2372,14.99,90,0,2.68,AR,1718023737
98,kapa'a,22.0752,-159.319,24.18,82,20,5.66,US,1718023737
99,igarka,67.4667,86.5833,11.12,79,3,3.13,RU,1718023737
100,tralee,52.2704,-9.7026,15.14,58,75,3.09,IE,1718023737
101,isafjordur,66.0755,-23.124,5.02,81,40,4.63,IS,1718023645
102,nizhneudinsk,54.9076,99.0276,14.38,75,50,1.98,RU,1718023737
103,carutapera,-1.195,-46.02,26.55,93,90,3.48,BR,1718023696
104,coronel dorrego,-38.7187,-61.2873,10.09,63,11,3.65,AR,1718023737
105,college,64.8569,-147.8028,17.99,60,75,0.0,US,1718023738
106,carnarvon,-24.8667,113.6333,20.99,71,73,5.05,AU,1718023634
107,omu-aran,8.1333,5.1,30.72,53,73,3.59,NG,1718023738
108,sur,22.5667,59.5289,34.87,47,0,1.56,OM,1718023738
109,morrope,-6.5417,-80.0111,19.06,76,45,3.68,PE,1718023738
110,forest,37.3638,-79.2897,22.2,62,0,2.57,US,1718023738
111,flying fish cove,-10.4217,105.6791,26.82,89,100,4.63,CX,1718023738
112,fort st. john,56.2499,-120.8529,6.94,93,75,2.57,CA,1718023738
113,villa gesell,-37.2639,-56.973,10.59,74,100,5.06,AR,1718023738
114,axim,4.8699,-2.2405,28.19,77,98,5.51,GH,1718023738
115,nova sintra,14.8667,-24.7167,23.12,84,0,10.43,CV,1718023738
116,qaqortoq,60.7167,-46.0333,9.8,70,100,3.6,GL,1718023738
117,graham,47.0529,-122.2943,10.6,88,100,2.06,US,1718023738
118,sinabang,2.4803,96.3801,27.61,79,100,1.81,ID,1718023738
119,port mathurin,-19.6833,63.4167,24.2,83,14,8.89,MU,1718023738
120,kiffa,16.6166,-11.4045,42.19,17,100,4.65,MR,1718023738
121,millbrook,32.4799,-86.3619,26.09,84,0,1.54,US,1718023739
122,olyokminsk,60.3736,120.4264,15.9,66,92,1.27,RU,1718023680
123,slantsy,59.1182,28.0914,17.79,50,100,4.8,RU,1718023739
124,cidreira,-30.1811,-50.2056,21.56,73,9,3.65,BR,1718023739
125,sisimiut,66.9395,-53.6735,2.57,80,100,2.48,GL,1718023739
126,vadso,70.0744,29.7487,9.49,87,75,11.83,NO,1718023739
127,enewetak,11.3474,162.3373,28.21,83,100,7.33,MH,1718023739
128,papatowai,-46.5619,169.4708,4.99,88,48,5.91,NZ,1718023739
129,lebu,-37.6167,-73.65,12.89,87,100,10.54,CL,1718023535
130,valera,9.3178,-70.6036,28.29,62,25,1.77,VE,1718023739
131,mount isa,-20.7333,139.5,8.87,76,6,0.0,AU,1718023739
132,vorgashor,67.5833,63.95,2.11,96,100,3.65,RU,1718023739
133,sungailiat,-1.85,106.1333,27.28,85,100,2.85,ID,1718023739
134,wenchang,30.904,118.4887,21.78,92,98,2.48,CN,1718023739
135,jamestown,42.097,-79.2353,12.77,89,100,3.6,US,1718023492
136,bilibino,68.0546,166.4372,9.63,62,100,0.71,RU,1718023739
137,pandan,14.0453,124.1694,27.75,86,0,3.02,PH,1718023739
138,iskateley,67.6803,53.1512,8.34,52,69,0.89,RU,1718023708
139,hamilton,39.1834,-84.5333,18.27,72,0,4.63,US,1718023621
140,betio village,1.358,172.9211,29.02,75,13,4.88,KI,1718023740
141,udachny,66.4167,112.4,21.36,32,57,3.17,RU,1718023740
142,konarka,19.9,86.1167,33.22,83,0,8.43,IN,1718023740
143,rikaze,29.25,88.8833,22.04,23,64,5.41,CN,1718023740
144,san antonio de pale,-1.4014,5.6325,24.76,81,84,4.87,GQ,1718023649
145,coahuayana de hidalgo,18.7,-103.6583,22.73,80,100,1.1,MX,1718023740
146,obihiro,42.9172,143.2044,14.22,97,59,0.31,JP,1718023740
147,shakawe,-18.3667,21.85,26.6,22,5,3.92,BW,1718023740
148,chaman,30.9236,66.4512,34.06,5,0,1.45,PK,1718023740
149,aasiaat,68.7098,-52.8699,0.4,79,100,0.74,GL,1718023740
150,newman,37.3138,-121.0208,16.13,83,0,1.79,US,1718023537
151,sekong,-6.3996,106.0252,24.46,97,22,0.52,ID,1718023740
152,ceeldheer,3.8488,47.1806,29.79,52,34,12.28,SO,1718023740
153,mulayjah,27.271,48.4242,46.66,7,0,4.85,SA,1718023740
154,duong dong,10.2167,103.9667,28.0,83,40,2.57,VN,1718023740
155,aoulef,26.9667,1.0833,44.54,7,10,2.29,DZ,1718023705
156,san luis de la loma,17.2706,-100.8939,26.22,69,99,3.7,MX,1718023741
157,flin flon,54.7682,-101.865,8.91,87,40,1.54,CA,1718023741
158,vernal,40.4555,-109.5287,17.59,54,0,2.24,US,1718023478
159,lhokseumawe,5.1801,97.1507,27.76,80,100,1.16,ID,1718023741
160,oranjemund,-28.55,16.4333,26.02,31,7,5.19,NA,1718023741
161,ancud,-41.8697,-73.8203,11.22,86,100,8.44,CL,1718023679
162,portland,45.5234,-122.6762,12.99,86,100,2.57,US,1718023560
163,tura,25.5198,90.2201,27.03,85,7,2.28,IN,1718023658
164,klyuchi,52.2667,79.1667,30.52,38,40,2.34,RU,1718023741
165,manacapuru,-3.2997,-60.6206,27.37,78,23,1.83,BR,1718023741
166,cabo san lucas,22.8909,-109.9124,23.49,75,0,2.25,MX,1718023497
167,coari,-4.085,-63.1414,26.27,82,90,0.29,BR,1718023741
168,barhi,23.9,80.8,40.12,19,0,1.9,IN,1718023741
169,tucurui,-3.7661,-49.6725,28.4,73,20,2.07,BR,1718023742
170,vila franca do campo,37.7167,-25.4333,20.23,99,99,2.53,PT,1718023742
171,fort mcmurray,56.7268,-111.381,8.77,93,100,2.06,CA,1718023742
172,usogorsk,63.4106,48.6872,19.26,40,100,1.29,RU,1718023742
173,tulun,54.5611,100.5792,13.93,76,99,1.49,RU,1718023742
174,copiapo,-27.3667,-70.3333,15.54,52,7,1.85,CL,1718023123
175,hithadhoo,-0.6,73.0833,28.9,69,65,3.74,MV,1718023742
176,kamensk-ural'skiy,56.4185,61.9329,20.51,67,85,5.32,RU,1718023742
177,center,31.5107,-96.4247,26.56,82,0,0.67,US,1718023614
178,lompoc,34.6391,-120.4579,14.45,89,100,5.14,US,1718023681
179,bamboo flat,11.7,92.7167,25.05,88,100,6.17,IN,1718023637
180,kapuskasing,49.4169,-82.4331,3.0,81,100,4.63,CA,1718023731
181,la passe,45.5549,-0.8967,20.13,68,0,6.32,FR,1718023624
182,mildura,-34.2,142.15,13.93,71,98,6.19,AU,1718023537
183,xai-xai,-25.0519,33.6442,22.36,47,43,4.7,MZ,1718023743
184,mahina,-17.5065,-149.489,23.87,88,75,4.63,PF,1718023743
185,solnechnyy,50.7214,136.6319,9.46,96,100,3.84,RU,1718023743
186,bocas del toro,9.3333,-82.25,24.47,79,100,2.11,PA,1718023743
187,port-vila,-17.7338,168.3219,23.78,94,100,1.54,VU,1718023743
188,eirunepe,-6.6603,-69.8736,25.48,86,29,0.32,BR,1718023563
189,concepcion,-36.827,-73.0498,12.89,94,100,6.69,CL,1718023715
190,avarua,-21.2078,-159.775,22.03,64,97,2.06,CK,1718023638
191,port elizabeth,-33.918,25.5701,24.16,41,0,3.6,ZA,1718023639
192,namibe,-15.1961,12.1522,24.73,65,10,6.12,AO,1718023686
193,bay city,43.5945,-83.8889,12.27,73,0,6.17,US,1718023654
194,cabedelo,-6.9811,-34.8339,28.37,69,68,7.39,BR,1718023743
195,alice springs,-23.7,133.8833,8.75,81,0,0.0,AU,1718023638
196,rabigh,22.7986,39.0349,33.42,48,4,9.36,SA,1718023743
197,hereford,52.0568,-2.7148,16.49,72,100,4.66,GB,1718023743
198,campos dos goytacazes,-21.75,-41.3,24.03,73,0,3.6,BR,1718023579
199,miyazaki,31.9111,131.4239,21.97,94,75,2.06,JP,1718023743
200,smithers,54.7804,-127.1743,11.18,71,40,1.03,CA,1718023743
201,mindelo,16.8901,-24.9804,23.31,81,44,10.48,CV,1718023743
202,tindouf,27.6711,-8.1474,30.25,21,0,9.26,DZ,1718023744
203,retreat,38.8245,-85.8533,17.63,72,0,0.89,US,1718023744
204,utrik,11.2278,169.8474,28.28,79,60,8.85,MH,1718023744
205,butzow,53.85,11.9833,17.81,73,100,6.31,DE,1718023744
206,tweed heads,-28.1817,153.547,17.02,63,12,4.12,AU,1718023744
207,mermoz boabab,14.7065,-17.4758,29.31,65,20,4.12,SN,1718023744
208,borgarnes,64.5383,-21.9206,14.89,44,99,1.9,IS,1718023744
209,lianzhou,24.7811,112.3825,24.97,97,100,1.14,CN,1718023744
210,phrai bueng,14.7483,104.3626,27.28,86,100,5.21,TH,1718023744
211,porto franco,-6.3383,-47.3992,32.39,34,35,3.98,BR,1718023744
212,constantia,44.1833,28.65,33.38,59,15,9.43,RO,1718023701
213,tambacounda,13.7539,-13.7586,35.03,41,0,3.09,SN,1718023744
214,dumas,35.8656,-101.9732,18.12,88,100,2.57,US,1718023744
215,antsiranana,-12.2787,49.2917,30.42,45,40,4.12,MG,1718023744
216,tommot,58.9564,126.2925,15.56,66,98,1.08,RU,1718023744
217,sake,-1.5736,29.045,25.34,51,93,1.69,CD,1718023745
218,katsuura,35.1333,140.3,20.17,85,100,3.17,JP,1718023745
219,bardai,11.65,7.2333,34.01,39,4,4.36,NG,1718023745
220,lindley,-27.8791,27.9135,15.46,24,2,1.69,ZA,1718023745
221,sawakin,19.1059,37.3321,36.34,38,0,6.92,SD,1718023745
222,norrtalje,59.758,18.705,13.24,70,100,6.62,SE,1718023745
223,nagqu,31.5,92.0,7.65,66,35,4.89,CN,1718023661
224,tamanrasset,22.785,5.5228,36.95,6,0,6.69,DZ,1718023690
225,nampula,-15.1165,39.2666,24.97,53,40,5.81,MZ,1718023536
226,rongelap,11.1635,166.8941,28.19,82,99,7.87,MH,1718023707
227,farcasele,44.15,24.4333,34.68,27,0,3.95,RO,1718023745
228,chengde,40.9725,117.9361,19.66,67,100,3.22,CN,1718023745
229,severo-yeniseyskiy,60.3725,93.0408,11.99,79,57,0.89,RU,1718023745
230,polyarnyy,69.1989,33.4478,12.51,65,82,3.55,RU,1718023745
231,kulhudhuffushi,6.6221,73.07,28.92,79,100,7.83,MV,1718023746
232,huai'an,33.5886,119.0192,26.7,39,100,5.29,CN,1718023746
233,huilong,31.8111,121.655,21.1,80,74,6.36,CN,1718023746
234,kamina,-8.7386,24.9906,27.55,24,6,3.37,CD,1718023746
235,calabozo,8.9242,-67.4293,24.51,90,100,1.01,VE,1718023746
236,sallisaw,35.4604,-94.7875,22.08,68,0,2.57,US,1718023498
237,valdivia,-39.8142,-73.2459,12.05,91,100,3.43,CL,1718023607
238,rabaul,-4.1967,152.1721,27.36,81,99,2.97,PG,1718023746
239,sao felix do xingu,-6.6447,-51.995,29.9,48,49,2.27,BR,1718023746
240,pacific grove,36.6177,-121.9166,13.16,91,54,3.58,US,1718023746
241,bentiu,9.2333,29.8333,36.42,33,15,1.87,SS,1718023746
242,pisco,-13.7,-76.2167,17.03,88,100,0.0,PE,1718023711
243,eureka,40.8021,-124.1637,13.15,96,81,1.74,US,1718023505
244,senanga,-16.1167,23.2667,27.68,18,3,4.55,ZM,1718023746
245,miedzychod,52.5988,15.897,21.57,43,90,3.77,PL,1718023746
246,ndende,-2.4008,11.3581,33.33,44,12,1.29,GA,1718023746
247,aydarken,39.9443,71.3429,20.68,28,48,2.03,KG,1718023746
248,bokakhat,26.6333,93.6,29.66,75,10,2.44,IN,1718023746
249,troitsko-pechorsk,62.7084,56.1964,18.16,51,90,3.13,RU,1718023746
250,kargasok,59.0556,80.8572,20.54,36,16,4.92,RU,1718023747
251,tiksi,71.6872,128.8694,1.9,86,34,3.45,RU,1718023747
252,xam nua,20.4197,104.0439,21.37,98,100,1.15,LA,1718023747
253,haiku-pauwela,20.9219,-156.3051,23.36,86,100,8.75,US,1718023652
254,kuanda,56.3161,116.0806,13.95,64,27,0.96,RU,1718023747
255,ulsteinvik,62.3432,5.8487,12.95,82,100,4.02,NO,1718023747
256,bereket,39.2446,55.5154,41.6,10,1,2.6,TM,1718023747
257,port sudan,19.6175,37.2164,35.22,37,0,6.51,SD,1718023747
258,la tuque,47.4334,-72.7824,13.14,88,100,2.06,CA,1718023747
259,soriano nel cimino,42.4187,12.2334,23.81,66,75,6.17,IT,1718023747
260,bataipora,-22.2953,-53.2711,26.92,37,4,3.88,BR,1718023747
261,talnakh,69.4865,88.3972,10.67,87,53,2.81,RU,1718023747
262,bayganin,48.6947,55.8742,29.92,29,67,4.82,KZ,1718023747
263,hirara,24.8,125.2833,26.92,94,75,3.09,JP,1718023747
264,chonchi,-42.6128,-73.8092,10.44,94,100,4.32,CL,1718023621
265,olonkinbyen,70.9221,-8.7187,-1.34,88,100,7.46,SJ,1718023747
266,essaouira,31.5125,-9.77,23.72,64,75,4.63,MA,1718023747
267,nemuro,43.3236,145.575,10.88,96,100,7.95,JP,1718023659
268,bouna,9.2667,-3.0,35.74,38,48,3.33,CI,1718023747
269,yangambi,0.8102,24.4336,28.78,55,84,2.72,CD,1718023748
270,cradock,-32.1642,25.6192,18.04,31,0,5.06,ZA,1718023748
271,cockburn town,21.4612,-71.1419,27.6,85,97,6.96,TC,1718023643
272,severoural'sk,60.1533,59.952,21.1,48,100,4.17,RU,1718023748
273,bam,29.106,58.357,35.93,6,0,8.28,IR,1718023748
274,ormond-by-the-sea,29.3491,-81.0665,28.93,78,0,4.12,US,1718023748
275,sao jose da coroa grande,-8.8978,-35.1478,27.34,70,43,6.48,BR,1718023748
276,sao gabriel da cachoeira,-0.1303,-67.0892,23.89,100,75,1.54,BR,1718023709
277,turtas,58.9417,69.1325,14.28,96,100,2.17,RU,1718023748
278,luderitz,-26.6481,15.1594,22.92,39,40,6.89,NA,1718023688
279,egilsstadir,65.2653,-14.3948,7.95,66,75,3.09,IS,1718023692
280,diego martin,10.7005,-61.5342,23.97,76,100,4.41,TT,1718023748
281,pyapon,16.2833,95.6833,25.5,91,100,5.36,MM,1718023748
282,kununurra,-15.7667,128.7333,15.99,72,52,0.0,AU,1718023748
283,aden,12.7794,45.0367,32.73,64,100,3.12,YE,1718023580
284,fada,9.5667,8.3,28.84,58,76,3.27,NG,1718023748
285,honiara,-9.4333,159.95,26.46,84,92,3.06,SB,1718023748
286,nova vicosa,-17.8919,-39.3719,26.57,54,100,0.87,BR,1718023748
287,deniliquin,-35.5333,144.9667,10.59,78,68,3.13,AU,1718023748
288,thompson,55.7435,-97.8558,7.09,76,20,0.0,CA,1718023748
289,necochea,-38.5473,-58.7368,11.2,74,6,4.2,AR,1718023325
290,illizi,26.4833,8.4667,42.89,6,7,6.42,DZ,1718023749
291,balikpapan,-1.2675,116.8289,25.55,83,20,2.06,ID,1718023460
292,callao,-12.0667,-77.15,17.62,82,100,2.57,PE,1718023749
293,sikonge,-5.6333,32.7667,28.1,30,38,2.98,TZ,1718023749
294,gewane,10.1664,40.6453,41.13,13,87,3.23,ET,1718023749
295,paradip garh,20.3167,86.6167,30.59,73,0,8.51,IN,1718023714
296,mutuali,-14.8706,37.0044,23.52,39,98,3.03,MZ,1718023749
297,hammerfest,70.6634,23.6821,13.25,67,0,6.17,NO,1718023646
298,port saint john's,-31.6229,29.5448,22.31,43,5,2.83,ZA,1718023749
299,trinidad,-14.8333,-64.9,21.99,88,3,1.54,BO,1718023749
300,mejit,10.2753,170.8646,28.27,80,15,9.01,MH,1718023749
301,sabang,5.8933,95.3214,29.74,72,100,8.94,ID,1718023749
302,tarakan,3.3,117.6333,26.72,94,40,1.54,ID,1718023749
303,wankyi,7.7392,-2.1046,33.39,48,49,2.79,GH,1718023749
304,yeed,4.55,43.0333,32.96,32,100,9.08,SO,1718023749
305,buka,40.8108,69.1986,36.94,15,6,4.68,UZ,1718023639
306,titahari,26.6667,87.2833,33.96,48,1,4.53,NP,1718023750
307,campo gallo,-26.5833,-62.85,19.49,67,0,3.87,AR,1718023750
308,zuyevka,58.405,51.1335,21.55,47,97,3.47,RU,1718023750
309,cambria,35.5641,-121.0808,12.91,91,27,0.45,US,1718023750
310,tumayr,25.7039,45.868,43.61,6,13,3.0,SA,1718023750
311,port macquarie,-31.4333,152.9167,9.94,74,100,3.75,AU,1718023635
312,funafuti,-8.5243,179.1942,29.0,84,75,0.0,TV,1718023750
313,itoman,26.1247,127.6694,25.22,100,75,4.63,JP,1718023750
314,san jose,37.3394,-121.895,14.49,82,100,3.09,US,1718023228
315,happy valley-goose bay,53.3168,-60.3315,13.17,88,100,5.66,CA,1718023483
316,kabba,7.8287,6.0731,32.11,49,71,3.45,NG,1718023750
317,nong khai,17.9167,103.0833,28.92,88,100,2.52,TH,1718023750
318,kertih,4.5141,103.4483,26.01,83,40,0.0,MY,1718023750
319,east london,-33.0153,27.9116,23.52,49,0,2.06,ZA,1718023623
320,formosa do rio preto,-11.0483,-45.1931,27.92,46,87,3.42,BR,1718023750
321,bel ombre,-4.6167,55.4167,29.91,70,40,5.14,SC,1718023750
322,rottenburg an der laaber,48.7,12.0333,20.92,53,34,3.9,DE,1718023750
323,lata,40.1629,-8.3327,25.04,58,100,2.05,PT,1718023750
324,midvagur,62.0511,-7.1939,7.46,81,75,7.72,FO,1718023674
325,sydney,-33.8679,151.2073,12.06,83,0,3.6,AU,1718022951
326,chopda,21.25,75.3,35.36,39,89,6.56,IN,1718023750
327,altay,47.8667,88.1167,25.41,38,0,4.24,CN,1718023751
328,khorixas,-20.3667,14.9667,28.92,22,10,9.09,NA,1718023751
329,bozoum,6.3193,16.3799,24.54,69,100,3.14,CF,1718023751
330,laguna,38.421,-121.4238,16.46,85,0,2.57,US,1718023751
331,stephenville,32.2207,-98.2023,23.47,90,40,3.09,US,1718023456
332,walvis bay,-22.9575,14.5053,17.83,49,82,3.58,NA,1718023751
333,thames,-37.1333,175.5333,13.62,97,100,1.37,NZ,1718023751
334,tofol,5.3248,163.0078,29.23,73,6,7.12,FM,1718023618
335,tsetserleg,47.475,101.4542,15.29,48,34,1.53,MN,1718023751
336,tsengel,49.4783,100.8894,17.64,49,92,3.44,MN,1718023751
337,ciudad melchor muzquiz,27.8833,-101.5167,25.66,76,0,1.29,MX,1718023751
338,council bluffs,41.2619,-95.8608,19.06,68,0,2.06,US,1718023629
339,gaigeturi,33.4644,126.3183,22.03,73,0,1.54,KR,1718023751
340,kirakira,-10.4544,161.9205,26.54,81,45,3.77,SB,1718023751
341,yemva,62.59,50.8594,19.0,51,92,3.89,RU,1718023751
342,barbacoas,1.6715,-78.1398,24.85,93,100,1.82,CO,1718023751
343,whangarei,-35.7317,174.3239,12.58,99,100,1.26,NZ,1718023751
344,tolanaro,-25.0319,46.9987,19.04,88,75,6.17,MG,1718023649
345,saint-pierre,-21.3393,55.4781,24.82,69,40,11.32,RE,1718023751
346,katpur,21.05,71.7833,32.07,65,33,10.43,IN,1718023751
347,shenjiamen,29.9576,122.298,19.8,96,100,5.91,CN,1718023629
348,teutonia,-29.4481,-51.8064,24.32,74,16,1.18,BR,1718023367
349,hovd,48.0056,91.6419,26.34,25,39,1.25,MN,1718023752
350,laojunmiao,39.8333,97.7333,22.05,17,72,4.57,CN,1718023752
351,petropavlovsk-kamchatsky,53.0452,158.6483,13.33,86,75,4.47,RU,1718023752
352,irymple,-34.25,142.1667,13.94,71,97,6.33,AU,1718023752
353,zhanibek,49.4167,46.85,29.47,36,99,4.23,KZ,1718023752
354,nuuk,64.1835,-51.7216,6.34,100,100,1.54,GL,1718023752
355,saipan,15.1355,145.701,29.39,79,40,5.66,MP,1718023752
356,chernyshevskiy,63.0128,112.4714,16.04,62,100,4.28,RU,1718023752
357,dawei,14.0833,98.2,25.94,91,100,6.7,MM,1718023752
358,san patricio,28.017,-97.5169,29.36,79,14,2.41,US,1718023752
359,raton,36.9034,-104.4391,12.34,94,100,3.09,US,1718023752
360,kaoma,-14.7833,24.8,26.04,21,3,3.91,ZM,1718023752
361,qarqaraly,49.4058,75.4742,26.46,36,0,7.85,KZ,1718023752
362,kitimat,54.0524,-128.6534,12.21,78,100,1.79,CA,1718023752
363,songling,31.1933,120.7176,21.5,86,53,4.27,CN,1718023752
364,posto fiscal rolim de moura,-13.0833,-62.2667,27.63,42,0,1.44,BR,1718023752
365,knyaze-volkonskoye,48.4642,135.4567,15.19,99,39,3.78,RU,1718023752
366,berbera,10.4396,45.0143,36.67,44,7,3.68,SO,1718023752
367,kingston,17.997,-76.7936,29.53,79,75,9.26,JM,1718023563
368,antofagasta,-23.65,-70.4,15.6,75,0,2.09,CL,1718023416
369,zarghun shahr,32.8473,68.4457,26.54,10,10,0.62,AF,1718023752
370,ghat,24.9647,10.1728,39.51,4,0,6.47,LY,1718023752
371,anaconda,46.1285,-112.9423,11.55,89,0,2.62,US,1718023462
372,mossel bay,-34.1831,22.146,25.96,55,0,2.99,ZA,1718023713
373,porto novo,6.4965,2.6036,30.9,66,94,5.15,BJ,1718023753
374,gisborne,-38.6533,178.0042,14.14,85,100,2.85,NZ,1718023753
375,kruisfontein,-34.0033,24.7314,21.58,40,0,4.06,ZA,1718023642
376,opuwo,-18.0607,13.84,29.31,17,5,4.9,NA,1718023753
377,kirtipur,27.6667,85.2833,28.96,54,20,3.6,NP,1718023753
378,cam ranh,11.9214,109.1591,28.98,79,20,0.51,VN,1718023753
379,dondo,-19.6094,34.7431,25.73,46,24,5.67,MZ,1718023753
380,quellon,-43.1167,-73.6167,9.95,94,100,9.78,CL,1718023620
381,prince rupert,54.3161,-130.3201,10.05,91,100,4.12,CA,1718023674
382,sakaiminato,35.55,133.2333,21.96,94,75,1.54,JP,1718023753
383,pontevico,45.2744,10.0925,28.1,67,0,4.19,IT,1718023753
384,jalai nur,49.45,117.7,19.12,61,100,1.76,CN,1718023753
385,barabai,-2.5833,115.3833,24.43,96,33,0.8,ID,1718023753
386,kutum,14.2,24.6667,35.55,18,98,6.21,SD,1718023753
387,tocopilla,-22.092,-70.1979,18.77,69,1,3.16,CL,1718023732
388,weining,26.85,104.2333,17.06,92,93,1.72,CN,1718023753
389,mount pearl,47.5166,-52.7813,15.64,86,100,5.66,CA,1718023472
390,lodwar,3.1191,35.5973,34.1,31,98,4.67,KE,1718023753
391,sault ste. marie,46.5168,-84.3333,10.16,64,0,5.66,CA,1718023526
392,maun,-19.9833,23.4167,24.31,21,2,4.44,BW,1718023754
393,island harbour,50.724,-1.2758,16.85,60,8,4.47,GB,1718023754
394,daru,-9.0763,143.2092,25.74,89,100,7.38,PG,1718023754
395,kerikeri,-35.2268,173.9474,11.62,92,100,1.68,NZ,1718023640
396,peruibe,-24.32,-46.9983,25.73,51,100,1.91,BR,1718023754
397,boende,-0.2167,20.8667,33.43,28,100,1.96,CD,1718023754
398,kerekegyhaza,46.9372,19.4781,24.97,39,11,7.11,HU,1718023754
399,vizinga,61.0749,50.1031,21.9,33,12,4.3,RU,1718023754
400,hasaki,35.7333,140.8333,19.22,79,100,2.48,JP,1718023663
401,johnstown,40.3267,-78.922,16.37,73,0,3.6,US,1718023514
402,mazamet,43.49,2.373,22.27,53,20,5.66,FR,1718023754
403,bairnsdale,-37.8333,147.6167,6.14,94,100,1.84,AU,1718023754
404,nadym,65.5333,72.5167,22.2,44,100,8.52,RU,1718023754
405,codrington,-38.2667,141.9667,14.37,67,100,12.0,AU,1718023754
406,cidade velha,14.9167,-23.6167,26.04,64,6,3.04,CV,1718023754
407,uchiza,-8.4592,-76.4633,21.95,90,47,0.55,PE,1718023754
408,bocana de paiwas,12.7857,-85.1227,26.1,85,81,0.99,NI,1718023754
409,tutoia,-2.7619,-42.2744,29.23,66,100,4.07,BR,1718023754
410,zykovo,55.9519,93.1461,16.41,90,97,1.89,RU,1718023754
411,sandnessjoen,66.0217,12.6316,12.06,82,75,3.09,NO,1718023755
412,kasongo,-4.45,26.6667,33.73,26,23,2.81,CD,1718023755
413,saint croix,17.7397,-64.7388,29.42,77,0,6.69,VI,1718023755
414,kasongo-lunda,-6.4667,16.8167,35.37,15,9,2.71,CD,1718023654
415,la'ie,21.6477,-157.9253,25.98,82,63,2.68,US,1718023755
416,port augusta,-32.5,137.7667,18.44,35,100,7.25,AU,1718023755
417,aitape,-3.1374,142.3475,26.44,89,99,1.98,PG,1718023755
418,weno,7.4515,151.8468,27.97,89,100,2.06,FM,1718023755
419,ust-tsilma,65.441,52.1498,9.78,65,88,2.24,RU,1718023755
420,pitimbu,-7.4706,-34.8086,28.33,68,78,7.92,BR,1718023755
421,gargalianoi,37.0667,21.6333,32.42,47,3,4.98,GR,1718023755
422,tazacorte,28.629,-17.9293,24.54,83,20,5.14,ES,1718023755
423,basco,20.4487,121.9702,29.43,77,11,4.17,PH,1718023755
424,kangding,30.0513,101.9603,15.57,98,100,2.79,CN,1718023755
425,ashkelon,31.6693,34.5715,29.94,65,0,5.09,IL,1718023756
426,salalah,17.0151,54.0924,32.05,79,40,7.2,OM,1718023756
427,kostyantynivka,48.5277,37.7069,32.18,26,52,2.9,UA,1718023756
428,kassala,15.451,36.4,36.98,29,9,6.64,SD,1718023756
429,cuito,-12.3833,16.9333,24.97,23,47,4.03,AO,1718023756
430,carbonear,47.7332,-53.2148,16.46,94,100,4.69,CA,1718023756
431,saguenay,48.4168,-71.0657,14.46,97,100,4.12,CA,1718023557
432,viedma,-40.8135,-62.9967,10.2,61,87,2.53,AR,1718023756
433,north side,19.35,-81.2,25.6,100,75,5.14,KY,1718023756
434,siwa oasis,29.2041,25.5195,37.8,11,0,4.98,EG,1718023756
435,suva,-18.1416,178.4415,20.71,94,20,1.54,FJ,1718023756
436,monjaras,13.2006,-87.3742,25.31,87,100,1.1,HN,1718023756
437,omoku,5.3435,6.6532,31.09,70,63,2.65,NG,1718023756
438,caconda,-13.7333,15.0667,27.66,17,0,2.73,AO,1718023756
439,ar rutbah,33.0381,40.2848,36.62,12,0,6.95,IQ,1718023756
440,pathein,16.7833,94.7333,26.3,88,100,5.11,MM,1718023756
441,karema,-6.8205,30.4389,26.02,50,7,5.49,TZ,1718023756
442,saudarkrokur,65.7461,-19.6394,6.84,72,74,2.64,IS,1718023756
443,kingscliff,-28.2667,153.5667,16.89,63,27,4.12,AU,1718023756
444,middelburg,-25.7751,29.4648,17.67,14,0,3.06,ZA,1718023756
445,avallon,47.4833,3.9,15.89,80,97,5.31,FR,1718023756
446,muroto-misakicho,33.2833,134.15,21.83,83,100,4.23,JP,1718023756
447,dubbo,-32.25,148.6167,5.07,93,25,2.06,AU,1718023757
448,helong,42.5397,128.9972,16.41,66,10,1.9,CN,1718023757
449,shiprock,36.7855,-108.687,22.19,27,100,0.89,US,1718023757
450,vilcun,-38.65,-72.2333,11.41,75,100,5.22,CL,1718023689
451,dongdai,26.2419,119.6169,25.95,99,100,1.8,CN,1718023757
452,coquimbo,-29.9533,-71.3436,12.85,87,0,2.06,CL,1718023715
453,city of balikpapan,-1.242,116.8942,25.97,83,20,2.06,ID,1718023757
454,banda aceh,5.5577,95.3222,28.37,76,100,6.05,ID,1718023757
455,pingliang,35.5392,106.6861,21.41,46,100,2.35,CN,1718023757
456,kyabe,9.4515,18.9449,26.5,65,100,2.44,TD,1718023757
457,howard springs,-12.497,131.047,20.95,89,100,1.82,AU,1718023757
458,ust'-barguzin,53.45,108.9833,9.2,97,85,0.76,RU,1718023757
459,changqing,36.5575,116.7272,33.19,25,100,4.99,CN,1718023757
460,cole harbour,44.6724,-63.4751,16.21,88,75,5.14,CA,1718023679
461,wilhelmsburg,48.1057,15.6054,17.03,99,100,2.46,AT,1718023757
462,icano,-28.9193,-65.3282,18.44,55,0,3.31,AR,1718023757
463,aykhal,66.0,111.5,20.39,39,100,0.63,RU,1718023757
464,zaozersk,69.4005,32.4476,8.84,83,62,7.95,RU,1718023757
465,greenfield,42.9614,-88.0126,13.11,68,20,4.63,US,1718023696
466,biltine,14.5333,20.9167,37.61,25,97,5.53,TD,1718023758
467,merizo village,13.2658,144.6691,28.85,92,100,4.05,GU,1718023758
468,nenjiang,49.1833,125.2167,13.86,93,70,1.28,CN,1718023691
469,dryden,49.7833,-92.7503,10.16,76,0,0.0,CA,1718023753
470,freetown,8.484,-13.2299,24.47,93,100,0.86,SL,1718023758
471,ponta delgada,37.7333,-25.6667,20.4,64,75,3.6,PT,1718023758
472,mazidagi,37.4775,40.4881,17.14,73,100,8.08,TR,1718023758
473,bucerias,20.75,-105.3333,25.55,94,75,1.54,MX,1718023669
474,lashio,22.9333,97.75,26.3,71,99,0.44,MM,1718023758
475,charters towers,-20.1,146.2667,13.84,47,0,2.96,AU,1718023758
476,imbituba,-28.24,-48.6703,24.04,59,5,1.47,BR,1718023758
477,la ronge,55.1001,-105.2842,8.14,76,40,2.57,CA,1718023758
478,wynyard,-41.0,145.7167,11.38,86,100,4.66,AU,1718023758
479,longboat key,27.4125,-82.659,31.11,83,40,0.89,US,1718023543
480,jayapura,-2.5333,140.7,25.66,90,88,2.71,ID,1718023750
481,al kharijah,25.4514,30.5464,39.77,9,0,6.15,EG,1718023682
482,savalou,7.9281,1.9756,35.38,41,44,3.74,BJ,1718023758
483,palapye,-22.546,27.1251,19.67,25,0,5.5,BW,1718023758
484,kismayo,-0.3582,42.5454,27.66,68,37,8.6,SO,1718023666
485,mao,39.8885,4.2658,23.31,68,40,3.6,ES,1718023758
486,sitka,57.0531,-135.33,9.94,81,100,2.06,US,1718023616
487,qorveh,35.1664,47.8045,28.67,14,51,13.03,IR,1718023759
488,borogontsy,62.6683,131.1683,12.18,52,7,2.0,RU,1718023673
489,port hueneme,34.1478,-119.1951,15.53,93,100,0.45,US,1718023579
490,sierra grande,-41.606,-65.3557,9.74,49,100,1.29,AR,1718023759
491,kete krachi,7.7939,-0.0498,30.5,65,26,4.76,GH,1718023759
492,peace river,56.2501,-117.286,7.59,100,75,2.06,CA,1718023628
493,faya-largeau,17.9257,19.1043,43.94,14,0,3.09,TD,1718023759
494,port alfred,-33.5906,26.891,20.66,71,0,0.89,ZA,1718023658
495,ola,59.5833,151.2833,7.86,91,51,0.47,RU,1718023627
496,labrador city,52.9463,-66.9114,20.66,59,40,5.81,CA,1718023759
497,staraya mayna,54.6,48.95,28.06,69,100,0.53,RU,1718023759
498,adjumani,3.3779,31.7909,28.57,59,64,0.53,UG,1718023759
499,salmon arm,50.6998,-119.3024,15.8,72,89,0.51,CA,1718023759
500,coos bay,43.3665,-124.2179,12.81,82,100,5.66,US,1718023580
501,phan rang-thap cham,11.5667,108.9833,28.29,74,79,3.89,VN,1718023759
502,lyantor,61.6195,72.1555,23.39,37,100,2.48,RU,1718023759
503,kourou,5.1552,-52.6478,30.03,68,33,2.31,GF,1718023575
504,griffith,41.5284,-87.4237,13.59,84,100,6.17,US,1718023759
505,gadzhiyevo,69.2551,33.3362,11.12,72,61,3.28,RU,1718023759
506,sorsk,54.0033,90.2467,14.85,72,64,1.38,RU,1718023760
507,port blair,11.6667,92.75,25.02,88,100,6.17,IN,1718023539
508,arawa,-6.2132,155.5367,25.64,91,30,1.01,PG,1718023760
509,taro,-8.3862,115.28,23.0,99,100,0.42,ID,1718023760
510,huanan,46.2167,130.5167,17.08,70,99,1.44,CN,1718023760
511,dakoutun,39.5833,117.2289,27.51,37,70,2.43,CN,1718023760
512,gizo,-8.103,156.8419,28.27,79,93,1.8,SB,1718023760
513,santana,-0.0583,-51.1817,25.1,94,100,3.6,BR,1718023760
514,forrest city,35.0081,-90.7898,19.46,77,94,3.32,US,1718023760
515,paragominas,-2.9667,-47.4833,27.11,90,88,2.1,BR,1718023760
516,tehuitzingo,16.9408,-99.1719,25.37,70,95,0.41,MX,1718023760
517,hotan,37.0997,79.9269,29.38,17,100,0.97,CN,1718023760
518,anapa,44.8908,37.3239,29.19,45,0,5.0,RU,1718023760
519,neftegorsk,52.802,51.166,24.1,45,8,3.05,RU,1718023760
520,baker city,44.7749,-117.8344,13.99,87,0,0.0,US,1718023506
521,vicuna,-30.0319,-70.7081,14.07,65,100,0.45,CL,1718023490
522,kupang,-10.1667,123.5833,27.32,78,40,3.6,ID,1718023760
523,yemetsk,63.4721,41.7941,14.37,87,100,2.77,RU,1718023760
524,broome,42.2506,-75.833,14.28,90,75,5.66,US,1718023760
525,lisakovsk,52.5369,62.4936,19.83,65,97,5.89,KZ,1718023760
526,kedainiai,55.2883,23.9747,18.26,80,100,4.39,LT,1718023760
527,lake monticello,37.9232,-78.3347,23.83,72,5,1.89,US,1718023761
528,taoudenni,22.6783,-3.9836,45.48,8,3,5.11,ML,1718023656
529,roxas city,11.5853,122.7511,27.3,77,100,1.28,PH,1718023761
530,mitchell,43.7094,-98.0298,15.09,76,0,3.13,US,1718023642
531,robertsport,6.7533,-11.3686,28.28,74,97,2.28,LR,1718023761
532,lamar,33.6668,-95.5836,23.32,90,40,4.12,US,1718023761
533,uvarovo,51.9849,42.2615,26.79,49,76,1.88,RU,1718023761
534,naliya,23.2667,68.8333,31.25,65,0,7.56,IN,1718023761
535,plast,54.3691,60.8136,22.62,57,74,2.49,RU,1718023733
536,labasa,-16.4167,179.3833,22.49,88,98,3.3,FJ,1718023761
537,kamaishi,39.2667,141.8833,15.05,90,0,3.09,JP,1718023761
538,urangan,-25.3,152.9,15.11,69,0,3.13,AU,1718023761
539,makokou,0.5738,12.8642,29.33,57,100,0.35,GA,1718023761
540,nova olimpia,-14.7972,-57.2881,28.2,40,0,2.03,BR,1718023761
541,esquel,-42.9,-71.3167,3.94,94,100,1.8,AR,1718023554
542,port hedland,-20.3167,118.5667,18.03,94,0,1.54,AU,1718023761
543,flekkefjord,58.2971,6.6607,15.53,51,88,6.16,NO,1718023761
544,ghadamis,30.1337,9.5007,44.29,7,11,4.52,LY,1718023761
545,mahdia,35.5047,11.0622,27.97,53,97,7.37,TN,1718023761
546,vilyuysk,63.7553,121.6247,20.0,49,54,1.79,RU,1718023761
547,porto velho,-8.7619,-63.9039,26.03,73,0,1.54,BR,1718023496
548,kvissleby,62.2936,17.375,8.91,86,100,2.75,SE,1718023762
549,shahritus,37.2637,68.1385,38.21,11,0,1.03,TJ,1718023762
550,tual,-5.6667,132.75,26.75,85,31,8.81,ID,1718023762
551,taichung,24.1469,120.6839,29.5,75,75,3.09,TW,1718023755
552,lihue,21.9789,-159.3672,23.77,74,20,5.66,US,1718023641
553,sydney mines,46.2367,-60.2177,15.62,96,100,4.12,CA,1718023762
554,harstad,68.799,16.5293,17.66,64,93,4.02,NO,1718023762
555,lorengau,-2.0226,147.2712,28.38,78,41,3.14,PG,1718023762
